{
    "A_mean": {
        "mean": 150.12996405450724,
        "std": 2.847904308230151
    },
    "B_mean": {
        "mean": 132.7689537588759,
        "std": 2.9711047680550604
    },
    "lip_dryness": {
        "mean": 0.29454091542044153,
        "std": 0.05868352454097482
    },
    "eye_darkness": {
        "mean": 0.2747795788860124,
        "std": 0.04648113319820108
    },
    "BPM": {
        "mean": 75.41290722733204,
        "std": 5.719382893575584
    },
    "skin": {
        "mole_asymmetry": {
            "mean": 0.17196345586672357,
            "std": 0.042235174676110154
        },
        "mole_border": {
            "mean": 0.20089965545592586,
            "std": 0.05741356785091505
        },
        "mole_color_var": {
            "mean": 10.403584474876885,
            "std": 2.7834176086339184
        }
    }
    
}